PC Name,No,Type,State,Winning Candidate,Party,Electors,Votes,Turnout09,Turnout14,Margin,Margin %,TurnoutDiff,UnionTerritory
Adilabad,1,ST,Telangana,Godam Nagesh,Telangana Rashtra Samithi,1386233,1045839,76.3,75.4,171290,16.40%,-0.9,No
Agra,18,SC,UttarPradesh,Dr. Ram Shankar Katheria,Bharatiya Janta Party,1814739,1070400,42.1,59,300263,28.10%,16.9,No
Ahmadnagar,37,GEN,Maharashtra,Gandhi Dilipkumar Mansukhlal,Bharatiya Janta Party,1699408,1062318,51.9,62.5,209122,19.70%,10.6,No
Ahmedabad East,7,GEN,Gujarat,Paresh Rawal,Bharatiya Janta Party,1601832,985525,42.3,61.5,326633,33.10%,19.2,No
Ahmedabad West,8,SC,Gujarat,Dr. Kirit P Solanki,Bharatiya Janta Party,1534400,964609,48.2,62.9,320311,33.20%,14.7,No
Ajmer,13,GEN,Rajasthan,Sanwar Lal Jat,Bharatiya Janta Party,1683292,1156314,53,68.7,171983,14.90%,15.7,No
Akbarpur,44,GEN,UttarPradesh,Devendra Singh @ Bhole Singh,Bharatiya Janta Party,1768623,971375,43.6,54.9,278997,28.70%,11.3,No
Akola,6,GEN,Maharashtra,Dhotre Sanjay Shamrao,Bharatiya Janta Party,1646463,978491,50,59.4,203116,20.80%,9.4,No
Alappuzha,15,GEN,Kerala,K C Venugopal,Indian National Congress,1271324,997464,79.4,78.5,19407,1.90%,-0.9,No
Alathur,9,SC,Kerala,P.K.Biju,Communist Party Of India (MARXIST),1216351,927228,75.4,76.2,37312,4.00%,0.8,No
Aligarh,15,GEN,UttarPradesh,Satish Kumar,Bharatiya Janta Party,1793126,1064357,51.6,59.4,286736,26.90%,7.8,No
Alipurduars,2,ST,WestBengal,Dasrath Tirkey,All India Trinamool Congress,1470911,1223566,76,83.2,21397,1.70%,7.2,No
Allahabad,52,GEN,UttarPradesh,Shyama Charan Gupta,Bharatiya Janta Party,1666569,891582,43.4,53.5,62009,7.00%,10.1,No
Almora,3,SC,Uttarakhand,Ajay Tamta,Bharatiya Janta Party,1254328,656525,45.6,52.3,95690,14.60%,6.7,No
Alwar,8,GEN,Rajasthan,Chand Nath,Bharatiya Janta Party,1628067,1062305,55.5,65.3,283895,26.70%,9.8,No
Amalapuram,24,SC,AndhraPradesh,Dr Pandula Ravindra Babu,Telugu Desam,1357866,1120927,80.5,82.6,120576,10.80%,2.1,No
Ambala,1,SC,Haryana,Rattan Lal Kataria,Bharatiya Janta Party,1692227,1218995,68.5,72,340074,27.90%,3.5,No
Ambedkar Nagar,55,GEN,UttarPradesh,Hari Om Pandey,Bharatiya Janta Party,1718774,1034404,54.3,60.2,139429,13.50%,5.9,No
Amethi,37,GEN,UttarPradesh,Rahul Gandhi,Indian National Congress,1669843,874625,45.2,52.4,107903,12.30%,7.2,No
Amravati,7,SC,Maharashtra,Adsul Anandrao Vithoba,Shiv Sena,1611365,1004061,51.5,62.3,137932,13.70%,10.8,No
Amreli,14,GEN,Gujarat,Kachhadiya Naranbhai Bhikhabhai,Bharatiya Janta Party,1486286,808816,40,54.4,156232,19.30%,14.4,No
Amritsar,2,GEN,Punjab,Captain Amarinder Singh,Indian National Congress,1477262,1007196,65.6,68.2,102770,10.20%,2.6,No
Amroha,9,GEN,UttarPradesh,Kanwar Singh Tanwar,Bharatiya Janta Party,1544242,1095860,60.2,71,158214,14.40%,10.8,No
Anakapalli,22,GEN,AndhraPradesh,Muttamsetti Srinivasa Rao (AVANTHI),Telugu Desam,1401474,1148072,79,81.9,47932,4.20%,2.9,No
Anand,16,GEN,Gujarat,Dilip Patel,Bharatiya Janta Party,1496859,970894,48.4,64.9,63426,6.50%,16.5,No
Anandpur Sahib,6,GEN,Punjab,Prem Singh Chandumajra,Shiromani Akali Dal,1564721,1086563,67.6,69.4,23697,2.20%,1.8,No
Anantapur,36,GEN,AndhraPradesh,J.C. Divakar Reddi,Telugu Desam,1536912,1205054,71.1,78.4,61269,5.10%,7.3,No
Anantnag,3,GEN,Jammu&Kashmir,Mehbooba Mufti,Jammu & Kashmir Peoples Democratic Party,1301023,375279,27.1,28.8,65417,17.40%,1.7,No
Andaman And Nicobar Islands,1,GEN,Andaman&NicobarIslands,Bishnu Pada Ray,Bharatiya Janta Party,269360,190328,64.2,70.7,7812,4.10%,6.5,Yes
Aonla,24,GEN,UttarPradesh,Dharmendra Kumar,Bharatiya Janta Party,1653577,995641,53.8,60.2,138429,13.90%,6.4,No
Arakkonam,7,GEN,TamilNadu,Hari G.,All India Anna Dravida Munnetra Kazhagam,1401545,1089052,77.8,77.7,240766,22.10%,-0.1,No
Arambagh,29,SC,WestBengal,Aparupa Poddar (AFRIN ALI),All India Trinamool Congress,1600293,1361934,84.6,85.1,346845,25.50%,0.5,No
Arani,12,GEN,TamilNadu,V.Elumalai,All India Anna Dravida Munnetra Kazhagam,1369668,1096046,76.8,80,243844,22.20%,3.2,No
Araria,9,GEN,Bihar,Tasleem Uddin,Rashtriya Janata Dal,1587348,975811,55.7,61.5,146504,15.00%,5.8,No
Arrah,32,GEN,Bihar,Raj Kumar Singh,Bharatiya Janta Party,1832332,893213,35.8,48.8,135870,15.20%,13,No
Aruku,18,ST,AndhraPradesh,Kothapalli Geetha,Yuvajana Sramika Rythu Congress Party,1272724,909614,67.3,71.5,91398,10.00%,4.2,No
Arunachal East,2,GEN,ArunachalPradesh,Ninong Ering,Indian National Congress,312872,261291,71.4,83.5,12478,4.80%,12.1,No
Arunachal West,1,GEN,ArunachalPradesh,Kiren Rijiju,Bharatiya Janta Party,446515,335665,65.9,75.2,41738,12.40%,9.3,No
Asansol,40,GEN,WestBengal,Babul Supriya Baral (BABUL SUPRIYO),Bharatiya Janta Party,1469684,1142395,71.5,77.7,70480,6.20%,6.2,No
Aska,19,GEN,Orissa,Ladu Kishore Swain,Biju Janata Dal,1408780,896281,54.6,63.6,311997,34.80%,9,No
Attingal,19,GEN,Kerala,Dr.A .Sampath,Communist Party Of India (MARXIST),1251398,859350,66.4,68.7,69378,8.10%,2.3,No
Aurangabad,37,GEN,Bihar,Sushil Kumar Singh,Bharatiya Janta Party,1536153,786274,43.5,51.2,66347,8.40%,7.7,No
Aurangabad,19,GEN,Maharashtra,Chandrakant Bhaurao Khaire,Shiv Sena,1589393,982933,42.2,61.8,162000,16.50%,19.6,No
Autonomous District,3,ST,Assam,Biren Singh Engti,Indian National Congress,701890,543280,69.3,77.4,24095,4.40%,8.1,No
Azamgarh,69,GEN,UttarPradesh,Mulayam Singh Yadav,Samajwadi Party,1703222,960218,44.7,56.4,63204,6.60%,11.7,No
Badaun,23,GEN,UttarPradesh,Dharmendra Yadav,Samajwadi Party,1769145,1027594,52.5,58.1,166347,16.20%,5.6,No
Bagalkot,3,GEN,Karnataka,Gaddigoudar Parvtagouda Chandanagouda,Bharatiya Janta Party,1568620,1079310,63.1,68.8,116560,10.80%,5.7,No
Baghpat,11,GEN,UttarPradesh,Dr. Satya Pal Singh,Bharatiya Janta Party,1505175,1004263,47.9,66.7,209866,20.90%,18.8,No
Baharampur,10,GEN,WestBengal,Adhir Ranjan Chowdhury,Indian National Congress,1453783,1154587,80.8,79.4,356567,30.90%,-1.4,No
Bahraich,56,SC,UttarPradesh,Sadhvi Savitri Bai Foole,Bharatiya Janta Party,1638645,934263,41.1,57,95645,10.20%,15.9,No
Balaghat,15,GEN,MadhyaPradesh,Bodhsingh Bhagat,Bharatiya Janta Party,1629769,1113364,56.5,68.3,96041,8.60%,11.8,No
Balasore,6,GEN,Orissa,Rabindra Kumar Jena,Biju Janata Dal,1366218,1049450,70.3,76.8,141825,13.50%,6.5,No
Ballia,72,GEN,UttarPradesh,Bharat Singh,Bharatiya Janta Party,1768271,942211,40.4,53.3,139434,14.80%,12.9,No
Balurghat,6,GEN,WestBengal,Arpita Ghosh,All India Trinamool Congress,1254497,1063053,86.8,84.7,106964,10.10%,-2.1,No
Banaskantha,2,GEN,Gujarat,Chaudhary Haribhai Parthibhai,Bharatiya Janta Party,1515711,886634,49.8,58.5,202334,22.80%,8.7,No
Banda,48,GEN,UttarPradesh,Bhairon Prasad Mishra,Bharatiya Janta Party,1601917,858326,44.7,53.6,115788,13.50%,8.9,No
Bangalore Central,25,GEN,Karnataka,P.C. Mohan,Bharatiya Janta Party,1931663,1074589,44.6,55.6,137500,12.80%,11,No
Bangalore North,24,GEN,Karnataka,D.V Sadananda Gowda,Bharatiya Janta Party,2401472,1356718,46.7,56.5,229764,16.90%,9.8,No
Bangalore Rural,23,GEN,Karnataka,D K Suresh,Indian National Congress,2190397,1455244,57.9,66.4,231480,15.90%,8.5,No
Bangalore South,26,GEN,Karnataka,Ananth Kumar,Bharatiya Janta Party,1999882,1113726,44.7,55.7,228575,20.50%,11,No
Bangaon,14,SC,WestBengal,Kapil Krishna Thakur,All India Trinamool Congress,1540713,1283688,86.5,83.3,146601,11.40%,-3.2,No
Banka,27,GEN,Bihar,Jai Prakash Narayan Yadav,Rashtriya Janata Dal,1549456,899353,48.7,58,10144,1.10%,9.3,No
Bankura,36,GEN,WestBengal,Sreemati Dev Varma (MOON MOON SEN),All India Trinamool Congress,1503812,1236319,77.7,82.2,98506,8.00%,4.5,No
Bansgaon,67,SC,UttarPradesh,Kamlesh Paswan,Bharatiya Janta Party,1760110,877877,39,49.9,189516,21.60%,10.9,No
Banswara,20,ST,Rajasthan,Manshankar Ninama,Bharatiya Janta Party,1692502,1171188,52.8,69.2,91916,7.80%,16.4,No
Bapatla,32,SC,AndhraPradesh,Malyadri Sriram,Telugu Desam,1392965,1184634,79.2,85,32754,2.80%,5.8,No
Bara Banki,53,SC,UttarPradesh,Priyanka Singh Rawat,Bharatiya Janta Party,1721282,1068168,52.3,62.1,211878,19.80%,9.8,No
Baramati,35,GEN,Maharashtra,Supriya Sule,Nationalist Congress Party,1813543,1066556,46.1,58.8,69719,6.50%,12.7,No
Baramulla,1,GEN,Jammu&Kashmir,Muzaffar Hussain Baig,Jammu & Kashmir Peoples Democratic Party,1190745,465992,41.8,39.1,29219,6.30%,-2.7,No
Barasat,17,GEN,WestBengal,Dr. Kakali Ghoshdostidar,All India Trinamool Congress,1512792,1269331,83.7,83.9,173141,13.60%,0.2,No
Bardhaman Purba,38,SC,WestBengal,Sunil Kumar Mondal,All India Trinamool Congress,1532244,1320922,87.3,86.2,114479,8.70%,-1.1,No
Bardoli,23,ST,Gujarat,Vasava Parbhubhai Nagarbhai,Bharatiya Janta Party,1614106,1206179,57.8,74.7,123884,10.30%,16.9,No
Bareilly,25,GEN,UttarPradesh,Santosh Kumar Gangwar,Bharatiya Janta Party,1664081,1017891,50.4,61.2,240685,23.60%,10.8,No
Bargarh,1,GEN,Orissa,Prabhas Kumar Singh,Biju Janata Dal,1430717,1123301,69.6,78.5,11178,1.00%,8.9,No
Barmer,17,GEN,Rajasthan,Col. Sona Ram,Bharatiya Janta Party,1677582,1219119,54.6,72.7,87461,7.20%,18.1,No
Barpeta,6,GEN,Assam,Siraj Uddin Ajmal,All India United Democratic Front,1430175,1205863,72.8,84.3,42341,3.50%,11.5,No
Barrackpore,15,GEN,WestBengal,Dinesh Trivedi,All India Trinamool Congress,1287222,1051130,80.5,81.7,206773,19.70%,1.2,No
Basirhat,18,GEN,WestBengal,Idris Ali,All India Trinamool Congress,1490596,1273771,86.7,85.5,109659,8.60%,-1.2,No
Bastar,10,ST,Chhattisgarh,Dinesh Kashyap,Bharatiya Janta Party,1298059,769913,47.3,59.3,124359,16.20%,12,No
Basti,61,GEN,UttarPradesh,Harish Chandra Alias Harish Dwivedi,Bharatiya Janta Party,1847613,1048534,49.3,56.8,33562,3.20%,7.5,No
Beed,39,GEN,Maharashtra,Munde Gopinathrao Pandurang,Bharatiya Janta Party,1792650,1232202,78.4,68.7,136454,11.10%,-9.7,No
Begusarai,24,GEN,Bihar,Bhola Singh,Bharatiya Janta Party,1778759,1077855,65.6,60.6,58335,5.40%,-5,No
Belgaum,2,GEN,Karnataka,Angadi Suresh Channabasappa,Bharatiya Janta Party,1581017,1078547,48.8,68.2,75860,7.00%,19.4,No
Bellary,9,ST,Karnataka,B. Sreeramulu,Bharatiya Janta Party,1487945,1045772,54.7,70.3,85144,8.10%,15.6,No
Berhampur,20,GEN,Orissa,Sidhant Mohapatra,Biju Janata Dal,1334268,905362,61.4,67.9,127720,14.10%,6.5,No
Betul,29,ST,MadhyaPradesh,Jyoti Dhurve,Bharatiya Janta Party,1607822,1047719,58.9,65.2,328614,31.40%,6.3,No
Bhadohi,78,GEN,UttarPradesh,Virendra Singh,Bharatiya Janta Party,1834598,981552,49.5,53.5,158039,16.10%,4,No
Bhadrak,7,SC,Orissa,Arjun Charan Sethi,Biju Janata Dal,1469498,1081339,43.4,73.6,179359,16.60%,30.2,No
Bhagalpur,26,GEN,Bihar,Shailesh Kumar Urph Bulo Mandal,Rashtriya Janata Dal,1685339,974016,67.7,57.8,9485,1.00%,-9.9,No
Bhandara - Gondiya,11,GEN,Maharashtra,Nanabhau Falgunrao Patole,Bharatiya Janta Party,1656284,1197196,43.9,72.3,149254,12.50%,28.4,No
Bharatpur,9,SC,Rajasthan,Bahadur Singh,Bharatiya Janta Party,1686897,962432,71.1,57.1,245468,25.50%,-14,No
Bharuch,22,GEN,Gujarat,Vasava Mansukhbhai Dhanjibhai,Bharatiya Janta Party,1417548,1060211,39,74.8,153273,14.50%,35.8,No
Bhatinda,11,GEN,Punjab,Harsimrat Kaur Badal,Shiromani Akali Dal,1525289,1176767,57.1,77.2,19395,1.60%,20.1,No
Bhavnagar,15,GEN,Gujarat,Dr. Bharatiben Dhirubhai Shiyal,Bharatiya Janta Party,1594531,917402,45.1,57.5,295488,32.20%,12.4,No
Bhilwara,23,GEN,Rajasthan,Subhash Baheria,Bharatiya Janta Party,1754877,1104090,50.6,62.9,246264,22.30%,12.3,No
Bhind,2,SC,MadhyaPradesh,Dr. Bhagirath Prasad,Bharatiya Janta Party,1598169,729084,38.4,45.6,159961,21.90%,7.2,No
Bhiwandi,23,GEN,Maharashtra,Kapil Moreshwar Patil,Bharatiya Janta Party,1696589,875605,39.4,51.6,109450,12.50%,12.2,No
Bhiwani-Mahendragarh,8,GEN,Haryana,Dharambir S/o Bhale Ram,Bharatiya Janta Party,1473912,1030431,71.3,69.9,129394,12.60%,-1.4,No
Bhongir,14,GEN,Telangana,Dr. Boora Narsaiah Goud,Telangana Rashtra Samithi,1492251,1211943,76.4,81.2,30494,2.50%,4.8,No
Bhopal,19,GEN,MadhyaPradesh,Alok Sanjar,Bharatiya Janta Party,1956936,1130182,45.1,57.8,370696,32.80%,12.7,No
Bhubaneswar,18,GEN,Orissa,Prasanna Kumar Patasani,Biju Janata Dal,1527768,891822,49.1,58.4,189477,21.20%,9.3,No
Bidar,7,GEN,Karnataka,Bhagwanth Khuba,Bharatiya Janta Party,1600962,959384,53,59.9,92222,9.60%,6.9,No
Bijapur,4,SC,Karnataka,Ramesh Jigajinagi,Bharatiya Janta Party,1622635,966757,47.3,59.6,69819,7.20%,12.3,No
Bijnor,4,GEN,UttarPradesh,Kunwar Bhartendra,Bharatiya Janta Party,1562065,1060346,55,67.9,205774,19.40%,12.9,No
Bikaner,2,SC,Rajasthan,Arjun Ram Meghwal,Bharatiya Janta Party,1591068,929751,41.3,58.4,308079,33.10%,17.1,No
Bilaspur,5,GEN,Chhattisgarh,Lakhan Lal Sahu,Bharatiya Janta Party,1727325,1090457,52.3,63.1,176436,16.20%,10.8,No
Birbhum,42,GEN,WestBengal,Satabdi Roy,All India Trinamool Congress,1495108,1275819,83.3,85.3,67263,5.30%,2,No
Bishnupur,37,SC,WestBengal,Khan Saumitra,All India Trinamool Congress,1466921,1272070,85.2,86.7,149685,11.80%,1.5,No
Bolangir,10,GEN,Orissa,Kalikesh Narayan Singh Deo,Biju Janata Dal,1563025,1170405,70.1,74.9,104299,8.90%,4.8,No
Bolpur,41,SC,WestBengal,Anupam Hazra,All India Trinamool Congress,1538429,1304756,82.5,84.8,236112,18.10%,2.3,No
Bulandshahr,14,SC,UttarPradesh,Bhola Singh,Bharatiya Janta Party,1736447,1009710,45.1,58.2,421973,41.80%,13.1,No
Buldhana,5,GEN,Maharashtra,Jadhav Prataprao Ganpatrao,Shiv Sena,1596234,978626,61.8,61.3,159579,16.30%,-0.5,No
Burdwan - Durgapur,39,GEN,WestBengal,Dr. Mamtaz Sanghamita,All India Trinamool Congress,1583498,1331242,84,84.1,107331,8.10%,0.1,No
Buxar,33,GEN,Bihar,Ashwini Kumar Choubey,Bharatiya Janta Party,1640567,888204,46.5,54.1,132338,14.90%,7.6,No
Chalakudy,11,GEN,Kerala,Innocent,Independent,1150491,884033,73.9,76.8,13884,1.60%,2.9,No
Chamarajanagar,22,SC,Karnataka,R. Dhruvanarayana,Indian National Congress,1555779,1133029,67.9,72.8,141182,12.50%,4.9,No
Chandauli,76,GEN,UttarPradesh,Dr Mahendra Nath Pandey,Bharatiya Janta Party,1669140,980572,46.4,58.8,156756,16.00%,12.4,No
Chandigarh,1,GEN,Chandigarh,Kher Kirron Anupam,Bharatiya Janta Party,615214,453455,65.5,73.7,69642,15.40%,8.2,Yes
Chandni Chowk,1,GEN,Delhi,Dr. Harsh Vardhan,Bharatiya Janta Party,1447228,981863,55.2,67.8,136320,13.90%,12.6,Yes
Chandrapur,13,GEN,Maharashtra,Ahir Hansraj Gangaram,Bharatiya Janta Party,1753690,1109743,58.5,63.3,236269,21.30%,4.8,No
Chatra,4,GEN,Jharkhand,Sunil Kumar Singh,Bharatiya Janta Party,1312545,712971,45.7,54.3,178026,25.00%,8.6,No
Chelvella,10,GEN,Telangana,Konda Vishweshwar Reddy,Telangana Rashtra Samithi,2185179,1315862,64.5,60.2,73023,5.50%,-4.3,No
Chennai Central,4,GEN,TamilNadu,S.R. Vijayakumar,All India Anna Dravida Munnetra Kazhagam,1328027,814894,61,61.4,45841,5.60%,0.4,No
Chennai North,2,GEN,TamilNadu,Venkatesh Babu .T.G,All India Anna Dravida Munnetra Kazhagam,1422386,910114,64.9,64,99704,11.00%,-0.9,No
Chennai South,3,GEN,TamilNadu,Dr. J. Jayavardhan,All India Anna Dravida Munnetra Kazhagam,1795780,1081163,62.7,60.2,136625,12.60%,-2.5,No
Chhindwara,16,GEN,MadhyaPradesh,Kamal Nath,Indian National Congress,1401277,1107498,71.9,79,116537,10.50%,7.1,No
Chhota Udaipur,21,ST,Gujarat,Ramsinh Rathwa,Bharatiya Janta Party,1536305,1100542,54.2,71.6,179729,16.30%,17.4,No
Chidambaram,27,SC,TamilNadu,Chandrakasi M,All India Anna Dravida Munnetra Kazhagam,1366189,1088423,77.2,79.7,128495,11.80%,2.5,No
Chikballapur,27,GEN,Karnataka,M Veerappa Moily,Indian National Congress,1658342,1263274,68.1,76.2,9520,0.80%,8.1,No
Chikkodi,1,GEN,Karnataka,Prakash Babanna Hukkeri,Indian National Congress,1442296,1071103,67.6,74.3,3003,0.30%,6.7,No
Chitradurga,18,SC,Karnataka,B.N.Chandrappa,Indian National Congress,1661272,1096499,54.5,66,101291,9.20%,11.5,No
Chittoor,42,SC,AndhraPradesh,Naramalli Sivaprasad,Telugu Desam,1452141,1198915,80.9,82.6,44138,3.70%,1.7,No
Chittorgarh,21,GEN,Rajasthan,Chandra Prakash Joshi,Bharatiya Janta Party,1818147,1172629,49.7,64.5,316857,27.00%,14.8,No
Churu,3,GEN,Rajasthan,Rahul Kaswan,Bharatiya Janta Party,1753825,1131104,52.4,64.5,294739,26.10%,12.1,No
Coimbatore,20,GEN,TamilNadu,Nagarajan P.,All India Anna Dravida Munnetra Kazhagam,1720211,1176620,70.9,68.4,42016,3.60%,-2.5,No
Cooch Behar,1,SC,WestBengal,Renuka Sinha,All India Trinamool Congress,1613417,1332409,84.4,82.6,87107,6.50%,-1.8,No
Cuddalore,26,GEN,TamilNadu,Arunmozhithevan.A,All India Anna Dravida Munnetra Kazhagam,1247908,984538,76.1,78.9,203125,20.60%,2.8,No
Cuttack,14,GEN,Orissa,Bhartruhari Mahatab,Biju Janata Dal,1371617,978604,63.4,71.4,306762,31.30%,8,No
Dadra And Nagar Haveli,1,GEN,Dadra&NagarHaveli,Patel Natubhai Gomanbhai,Bharatiya Janta Party,196617,165286,73.2,84.1,6214,3.80%,10.9,Yes
Dahod,19,ST,Gujarat,Jasvantsinh Sumanbhai Bhabhor,Bharatiya Janta Party,1411765,900381,44.7,63.8,230354,25.60%,19.1,No
Dakshina Kannada,17,GEN,Karnataka,Nalin Kumar Kateel,Bharatiya Janta Party,1565281,1207474,74.5,77.1,143709,11.90%,2.6,No
Daman And Diu,1,GEN,Daman&Diu,Patel Lalubhai Babubhai,Bharatiya Janta Party,111827,87233,71.3,78,9222,10.60%,6.7,Yes
Damoh,7,GEN,MadhyaPradesh,Prahalad Singh Patel,Bharatiya Janta Party,1651106,912080,44.1,55.2,213299,23.40%,11.1,No
Darbhanga,14,GEN,Bihar,Kirti Azad,Bharatiya Janta Party,1495446,828342,41.8,55.4,35043,4.20%,13.6,No
Darjeeling,4,GEN,WestBengal,S.S.Ahluwalia,Bharatiya Janta Party,1437126,1142009,79.6,79.5,197239,17.30%,-0.1,No
Dausa,11,ST,Rajasthan,Harish Chandra Meena,Bharatiya Janta Party,1524095,930492,64,61.1,45404,4.90%,-2.9,No
Davanagere,13,GEN,Karnataka,G M Siddeshwara,Bharatiya Janta Party,1522712,1114868,67.5,73.2,17607,1.60%,5.7,No
Deoria,66,GEN,UttarPradesh,Kalraj Mishra,Bharatiya Janta Party,1806926,971557,45.3,53.8,265386,27.30%,8.5,No
Dewas,21,SC,MadhyaPradesh,Manohar Untwal,Bharatiya Janta Party,1617215,1143968,60.7,70.7,260313,22.80%,10,No
Dhanbad,7,GEN,Jharkhand,Pashupati Nath Singh,Bharatiya Janta Party,1889994,1143902,45,60.5,292954,25.60%,15.5,No
Dhar,25,ST,MadhyaPradesh,Savitri Thakur,Bharatiya Janta Party,1668441,1076816,54.7,64.5,104328,9.70%,9.8,No
Dharmapuri,10,GEN,TamilNadu,Anbumani Ramadoss,Pattali Makkal Katchi,1358273,1101345,72.8,81.1,77146,7.00%,8.3,No
Dharwad,11,GEN,Karnataka,Pralhad Joshi,Bharatiya Janta Party,1579024,1041226,56.6,65.9,113657,10.90%,9.3,No
Dhaurahra,29,GEN,UttarPradesh,Rekha,Bharatiya Janta Party,1558039,1060271,59.8,68.1,125675,11.90%,8.3,No
Dhenkanal,9,GEN,Orissa,Tathagata Satpathy,Biju Janata Dal,1363467,1042101,66.7,76.4,137340,13.20%,9.7,No
Dhubri,4,GEN,Assam,Badruddin Ajmal,All India United Democratic Front,1552554,1369624,76.3,88.2,229730,16.80%,11.9,No
Dhule,2,GEN,Maharashtra,Dr. Bhamre Subhash Ramrao,Bharatiya Janta Party,1674469,983083,42.6,58.7,130723,13.30%,16.1,No
Diamond Harbour,21,GEN,WestBengal,Abhishek Banerjee,All India Trinamool Congress,1555914,1261296,81,81.1,71298,5.70%,0.1,No
Dibrugarh,13,GEN,Assam,Rameswar Teli,Bharatiya Janta Party,1124305,890968,67.3,79.3,185347,20.80%,12,No
Dindigul,22,GEN,TamilNadu,Udhaya Kumar .M,All India Anna Dravida Munnetra Kazhagam,1400531,1083364,75.6,77.4,127845,11.80%,1.8,No
Dindori,20,ST,Maharashtra,Chavan Harishchandra Deoram,Bharatiya Janta Party,1530139,970182,47.6,63.4,247619,25.50%,15.8,No
Domariyaganj,60,GEN,UttarPradesh,Jagdambika Pal,Bharatiya Janta Party,1761415,935027,49.1,53.1,103588,11.10%,4,No
Dum Dum,16,GEN,WestBengal,Saugata Roy,All India Trinamool Congress,1405981,1132644,80.6,80.6,154934,13.70%,0,No
Dumka,2,ST,Jharkhand,Shibu Soren,Jharkhand Mukti Morcha,1247155,903060,55.2,72.4,39030,4.30%,17.2,No
Durg,7,GEN,Chhattisgarh,Tamradhwaj Sahu,Indian National Congress,1855781,1258342,55.9,67.8,16848,1.30%,11.9,No
East Delhi,3,GEN,Delhi,Maheish Girri,Bharatiya Janta Party,1829578,1196336,53.4,65.4,190463,15.90%,12,Yes
Eluru,27,GEN,AndhraPradesh,Maganti Venkateswara Rao (BABU),Telugu Desam,1427760,1201696,85,84.2,101926,8.50%,-0.8,No
Ernakulam,12,GEN,Kerala,Prof. K.V. Thomas,Indian National Congress,1156467,850834,72.9,73.6,87047,10.20%,0.7,No
Erode,17,GEN,TamilNadu,Selvakumara Chinnayan S,All India Anna Dravida Munnetra Kazhagam,1321395,1008582,76.1,76.3,211563,21.00%,0.2,No
Etah,22,GEN,UttarPradesh,Rajveer Singh (RAJU BHAIYA),Bharatiya Janta Party,1577457,926281,44.4,58.7,201001,21.70%,14.3,No
Etawah,41,SC,UttarPradesh,Ashok Kumar Doharey,Bharatiya Janta Party,1707237,939604,45,55,172946,18.40%,10,No
Faizabad,54,GEN,UttarPradesh,Lallu Singh,Bharatiya Janta Party,1738701,1022716,50,58.8,282775,27.60%,8.8,No
Faridabad,10,GEN,Haryana,Krishan Pal,Bharatiya Janta Party,1740352,1130726,56.7,65,466873,41.30%,8.3,No
Faridkot,9,SC,Punjab,Prof. Sadhu Singh,Aam Aadmi Party,1455075,1032107,72.2,70.9,172516,16.70%,-1.3,No
Farrukhabad,40,GEN,UttarPradesh,Mukesh Rajput,Bharatiya Janta Party,1613781,970677,46.8,60.2,150502,15.50%,13.4,No
Fatehgarh Sahib,8,SC,Punjab,Harinder Singh Khalsa,Aam Aadmi Party,1396957,1030954,69.4,73.8,54144,5.30%,4.4,No
Fatehpur,49,GEN,UttarPradesh,Niranjan Jyoti,Bharatiya Janta Party,1804777,1056688,45.2,58.6,187206,17.70%,13.4,No
Fatehpur Sikri,19,GEN,UttarPradesh,Babulal,Bharatiya Janta Party,1580582,967968,51.7,61.2,173106,17.90%,9.5,No
Ferozpur,10,GEN,Punjab,Sher Singh Ghubaya,Shiromani Akali Dal,1522111,1105412,71.3,72.6,31420,2.80%,1.3,No
Firozabad,20,GEN,UttarPradesh,Akshay Yadav,Samajwadi Party,1636738,1104606,48.2,67.5,114059,10.30%,19.3,No
Gadchiroli-Chimur,12,ST,Maharashtra,Ashok Mahadeorao Nete,Bharatiya Janta Party,1469767,1027129,65.2,69.9,236870,23.10%,4.7,No
Gandhinagar,6,GEN,Gujarat,L.K.Advani,Bharatiya Janta Party,1733972,1135495,50.9,65.5,483121,42.50%,14.6,No
Ganganagar,1,SC,Rajasthan,Nihalchand,Bharatiya Janta Party,1718421,1256806,61,73.1,291741,23.20%,12.1,No
Garhwal,2,GEN,Uttarakhand,(MAJ GEN (RETD.) ) BHUWAN CHANDRA KHANDURI (AVSM),Bharatiya Janta Party,1269083,682024,49.4,53.7,184526,27.10%,4.3,No
Gauhati,7,GEN,Assam,Bijoya Chakravarty,Bharatiya Janta Party,1922270,1511729,64.3,78.6,315784,20.90%,14.3,No
Gautam Buddh Nagar,13,GEN,UttarPradesh,Dr.Mahesh Sharma,Bharatiya Janta Party,1986117,1199238,48.5,60.4,280212,23.40%,11.9,No
Gaya,38,SC,Bihar,Hari Manjhi,Bharatiya Janta Party,1500751,809378,42.4,53.9,115504,14.30%,11.5,No
Ghatal,32,GEN,WestBengal,Adhikari Deepak (DEV),All India Trinamool Congress,1610489,1366709,86.4,84.9,260891,19.10%,-1.5,No
Ghaziabad,12,GEN,UttarPradesh,Vijay Kumar Singh,Bharatiya Janta Party,2357546,1342320,45.3,56.9,567260,42.30%,11.6,No
Ghazipur,75,GEN,UttarPradesh,Manoj Sinha,Bharatiya Janta Party,1801519,986673,50.4,54.8,32452,3.30%,4.4,No
Ghosi,70,GEN,UttarPradesh,Harinarayan Rajbhar,Bharatiya Janta Party,1891113,1039656,45.2,55,146015,14.00%,9.8,No
Giridih,6,GEN,Jharkhand,Ravindra Kumar Pandey,Bharatiya Janta Party,1515137,969997,46,64,40313,4.20%,18,No
Godda,3,GEN,Jharkhand,Nishikant Dubey,Bharatiya Janta Party,1590628,1049442,56.5,66,60682,5.80%,9.5,No
Gonda,59,GEN,UttarPradesh,Kirti Vardhan Singh,Bharatiya Janta Party,1710827,873732,45.1,51.1,160416,18.40%,6,No
Gopalganj,17,SC,Bihar,Janak Ram,Bharatiya Janta Party,1652767,903583,37.4,54.7,286936,31.80%,17.3,No
Gorakhpur,64,GEN,UttarPradesh,Adityanath,Bharatiya Janta Party,1904498,1040199,44.1,54.6,312783,30.10%,10.5,No
Gulbarga,5,SC,Karnataka,Mallikarjun Kharge,Indian National Congress,1721990,997638,49.2,57.9,74733,7.50%,8.7,No
Guna,4,GEN,MadhyaPradesh,Jyotiraditya M Scindia,Indian National Congress,1605619,976629,54.1,60.8,120792,12.40%,6.7,No
Guntur,30,GEN,AndhraPradesh,Jayadev Galla,Telugu Desam,1572016,1244926,76.9,79.2,69111,5.60%,2.3,No
Gurdaspur,1,GEN,Punjab,Vinod Khanna,Bharatiya Janta Party,1500337,1042699,70.8,69.5,136065,13.00%,-1.3,No
Gurgaon,9,GEN,Haryana,Inderjit Singh Rao,Bharatiya Janta Party,1845623,1320619,60.8,71.6,274722,20.80%,10.8,No
Gwalior,3,GEN,MadhyaPradesh,Narendra Singh Tomar,Bharatiya Janta Party,1877003,990912,41.1,52.8,29699,3.00%,11.7,No
Hajipur,21,SC,Bihar,Ramvilas Paswan,Lok Jan Shakti Party,1649547,904753,41.8,54.9,225500,24.90%,13.1,No
Hamirpur,3,GEN,HimachalPradesh,Anurag Singh Thakur,Bharatiya Janta Party,1247699,835205,58.9,66.9,98403,11.80%,8,No
Hamirpur,47,GEN,UttarPradesh,Kunwar Pushpendra Singh Chandel,Bharatiya Janta Party,1737993,975240,46.7,56.1,266788,27.40%,9.4,No
Hardoi,31,SC,UttarPradesh,Anshul Verma,Bharatiya Janta Party,1714387,972894,40.6,56.8,81343,8.40%,16.2,No
Hardwar,5,GEN,Uttarakhand,Ramesh Pokhriyal Nishank,Bharatiya Janta Party,1642873,1175692,60.9,71.6,177822,15.10%,10.7,No
Hassan,16,GEN,Karnataka,H.D. Devegowda,Janata Dal (Secular),1561336,1147172,69.2,73.5,100462,8.80%,4.3,No
Hathras,16,SC,UttarPradesh,Rajesh Kumar Diwaker,Bharatiya Janta Party,1758927,1049273,45.1,59.7,326386,31.10%,14.6,No
Hatkanangle,48,GEN,Maharashtra,Raju Shetty,Swabhimani Paksha,1630598,1188871,67.1,72.9,177810,15.00%,5.8,No
Haveri,10,GEN,Karnataka,Udasi Shivakumar Channabasappa,Bharatiya Janta Party,1558749,1115968,63.6,71.6,87571,7.80%,8,No
Hazaribagh,14,GEN,Jharkhand,Jayant Sinha,Bharatiya Janta Party,1518831,967152,53.1,63.7,159128,16.50%,10.6,No
Hindupur,37,GEN,AndhraPradesh,Kristappa Nimmala,Telugu Desam,1446503,1177257,74.7,81.4,97325,8.30%,6.7,No
Hingoli,15,GEN,Maharashtra,Rajeev Shankarrao Satav,Indian National Congress,1586194,1051164,59.7,66.3,1632,0.20%,6.6,No
Hisar,4,GEN,Haryana,Dushyant Chautala,Indian National Lok Dal,1517606,1155914,69.4,76.2,31847,2.80%,6.8,No
Hooghly,28,GEN,WestBengal,Dr. Ratna De (NAG),All India Trinamool Congress,1630042,1348870,82.8,82.8,189084,14.00%,0,No
Hoshangabad,17,GEN,MadhyaPradesh,Uday Pratap Singh,Bharatiya Janta Party,1568127,1031175,54.9,65.8,389960,37.80%,10.9,No
Hoshiarpur,5,SC,Punjab,Vijay Sampla,Bharatiya Janta Party,1485286,961297,64.9,64.7,13582,1.40%,-0.2,No
Howrah,25,GEN,WestBengal,Prasun Banerjee,All India Trinamool Congress,1505099,1125399,73.9,74.8,196956,17.50%,0.9,No
Hyderabad,9,GEN,Telangana,Asaduddin Owaisi,All India Majlis-E-Ittehadul Muslimoon,1823664,971421,52.4,53.3,202454,20.80%,0.9,No
Idukki,13,GEN,Kerala,Adv.Joice George,Independent,1158735,819766,74.1,70.8,50542,6.20%,-3.3,No
Indore,26,GEN,MadhyaPradesh,Sumitra Mahajan (TAI),Bharatiya Janta Party,2115303,1316817,50.8,62.3,466901,35.50%,11.5,No
Inner Manipur,1,GEN,Manipur,Dr. Thokchom Meinya,Indian National Congress,855359,640871,70.6,74.9,94674,14.80%,4.3,No
Jabalpur,13,GEN,MadhyaPradesh,Rakesh Singh,Bharatiya Janta Party,1711683,1002184,43.8,58.6,208639,20.80%,14.8,No
Jadavpur,22,GEN,WestBengal,Sugata Bose,All India Trinamool Congress,1595746,1272362,81.5,79.7,125203,9.80%,-1.8,No
Jagatsinghpur,16,SC,Orissa,Kulamani Samal,Biju Janata Dal,1499673,1131932,67.5,75.5,276394,24.40%,8,No
Jahanabad,36,GEN,Bihar,Dr. Arun Kumar,Rashtriya Lok Samta Party,1423246,811516,46.9,57,42340,5.20%,10.1,No
Jaipur,7,GEN,Rajasthan,Ramcharan Bohara,Bharatiya Janta Party,1957818,1296806,48.3,66.2,539345,41.60%,17.9,No
Jaipur Rural,6,GEN,Rajasthan,Rajyavardhan Singh Rathore,Bharatiya Janta Party,1699462,1013691,47.6,59.7,332896,32.80%,12.1,No
Jajpur,8,SC,Orissa,Rita Tarai,Biju Janata Dal,1303733,980435,66.6,75.2,320271,32.70%,8.6,No
Jalandhar,4,SC,Punjab,Santokh Singh Chaudhary,Indian National Congress,1551497,1040762,67.1,67.1,70981,6.80%,0,No
Jalaun,45,SC,UttarPradesh,Bhanu Pratap Singh Verma,Bharatiya Janta Party,1903332,1109166,47.3,58.3,287202,25.90%,11,No
Jalgaon,3,GEN,Maharashtra,A.T. Nana Patil,Bharatiya Janta Party,1707933,990332,42.4,58,383525,38.70%,15.6,No
Jalna,18,GEN,Maharashtra,Danve Raosaheb Dadarao,Bharatiya Janta Party,1612054,1066259,55.9,66.1,206798,19.40%,10.2,No
Jalore,18,GEN,Rajasthan,Devji Patel,Bharatiya Janta Party,1824968,1087272,38,59.6,381145,35.10%,21.6,No
Jalpaiguri,3,SC,WestBengal,Bijoy Chandra Barman,All India Trinamool Congress,1531469,1302117,82.4,85,69606,5.30%,2.6,No
Jammu,6,GEN,Jammu&Kashmir,Jugal Kishore,Bharatiya Janta Party,1848155,1253593,49,67.8,257280,20.50%,18.8,No
Jamnagar,12,GEN,Gujarat,Poonamben Hematbhai Maadam,Bharatiya Janta Party,1470952,852643,45.8,58,175289,20.60%,12.2,No
Jamshedpur,9,GEN,Jharkhand,Bidyut Baran Mahato,Bharatiya Janta Party,1581665,1049140,51.1,66.3,99876,9.50%,15.2,No
Jamui,40,SC,Bihar,Chirag Kumar Paswan,Lok Jan Shakti Party,1550936,775639,38.1,50,85947,11.10%,11.9,No
Jangipur,9,GEN,WestBengal,Abhijit Mukherjee,Indian National Congress,1391656,1119084,86,80.4,8161,0.70%,-5.6,No
Janjgir-Champa,3,SC,Chhattisgarh,Kamla Patle,Bharatiya Janta Party,1737532,1073347,48.6,61.8,174961,16.30%,13.2,No
Jaunpur,73,GEN,UttarPradesh,Krishna Pratap 'k.P.',Bharatiya Janta Party,1848842,1007143,46,54.5,146310,14.50%,8.5,No
Jhalawar-Baran,25,GEN,Rajasthan,Dushyant Singh,Bharatiya Janta Party,1669842,1146364,60.3,68.7,281546,24.60%,8.4,No
Jhanjharpur,7,GEN,Bihar,Birendra Kumar Chaudhary,Bharatiya Janta Party,1650753,941249,42.8,57,55408,5.90%,14.2,No
Jhansi,46,GEN,UttarPradesh,Uma Bharati,Bharatiya Janta Party,1932015,1320804,55.2,68.4,190467,14.40%,13.2,No
Jhargram,33,ST,WestBengal,Uma Saren,All India Trinamool Congress,1475112,1257613,77.2,85.3,347883,27.70%,8.1,No
Jhunjhunu,4,GEN,Rajasthan,Santosh Ahlawat,Bharatiya Janta Party,1696788,1006465,42.1,59.3,233835,23.20%,17.2,No
Jodhpur,16,GEN,Rajasthan,Gajendrasingh Shekhawat,Bharatiya Janta Party,1727363,1078598,45.4,62.4,410051,38.00%,17,No
Jorhat,12,GEN,Assam,Kamakhya Prasad Tasa,Bharatiya Janta Party,1234448,931336,64.7,75.5,102420,11.00%,10.8,No
Joynagar,19,SC,WestBengal,Pratima Mondal,All India Trinamool Congress,1458724,1186052,80.1,81.3,108384,9.10%,1.2,No
Junagadh,13,GEN,Gujarat,Chudasama Rajeshbhai Naranbhai,Bharatiya Janta Party,1485543,941378,57.9,63.4,135832,14.40%,5.5,No
Kachchh,1,SC,Gujarat,Chavda Vinod Lakhamashi,Bharatiya Janta Party,1533782,946240,42.6,61.7,254482,26.90%,19.1,No
Kadapa,38,GEN,AndhraPradesh,Y.S. Avinash Reddy,Yuvajana Sramika Rythu Congress Party,1550579,1200662,76.6,77.4,190323,15.90%,0.8,No
Kairana,2,GEN,UttarPradesh,Hukum Singh,Bharatiya Janta Party,1531755,1119324,56.6,73.1,236828,21.20%,16.5,No
Kaiserganj,57,GEN,UttarPradesh,Brij Bhusan Sharan Singh,Bharatiya Janta Party,1711967,943357,41.1,55.1,78218,8.30%,14,No
Kakinada,23,GEN,AndhraPradesh,Thota Narasimham,Telugu Desam,1418290,1099999,76.5,77.6,3431,0.30%,1.1,No
Kalahandi,11,GEN,Orissa,Arka Keshari Deo,Biju Janata Dal,1474135,1117536,68.9,75.8,56347,5.00%,6.9,No
Kaliabor,11,GEN,Assam,Gourav Gogoi,Indian National Congress,1457865,1166490,71.3,80,93874,8.00%,8.7,No
Kallakurichi,14,GEN,TamilNadu,Kamaraj. K,All India Anna Dravida Munnetra Kazhagam,1412499,1107241,77.5,78.4,223507,20.20%,0.9,No
Kalyan,24,GEN,Maharashtra,Dr.Shrikant Eknath Shinde,Shiv Sena,1922046,824196,34.3,42.9,250749,30.40%,8.6,No
Kancheepuram,6,SC,TamilNadu,Maragatham K,All India Anna Dravida Munnetra Kazhagam,1480123,1128399,74.3,76.2,146866,13.00%,1.9,No
Kandhamal,13,GEN,Orissa,Hemendra Chandra Singh,Biju Janata Dal,1143602,839415,66.5,73.4,181017,21.60%,6.9,No
Kangra,1,GEN,HimachalPradesh,Shanta Kumar,Bharatiya Janta Party,1258601,799445,55.2,63.5,170072,21.30%,8.3,No
Kanker,11,ST,Chhattisgarh,Vikram Dev Usendi,Bharatiya Janta Party,1447774,1016943,57.2,70.2,35158,3.50%,13,No
Kannauj,42,GEN,UttarPradesh,Dimple Yadav,Samajwadi Party,1808889,1114460,49.3,61.6,19907,1.80%,12.3,No
Kanniyakumari,39,GEN,TamilNadu,Radhakrishnan P.,Bharatiya Janta Party,1467796,990742,65,67.5,128662,13.00%,2.5,No
Kannur,2,GEN,Kerala,P K Sreemathi Teacher,Communist Party Of India (MARXIST),1170266,947117,81.1,80.9,6566,0.70%,-0.2,No
Kanpur,43,GEN,UttarPradesh,Dr.Murli Manohar Joshi,Bharatiya Janta Party,1611248,835079,36.9,51.8,222946,26.70%,14.9,No
Kanthi,31,GEN,WestBengal,Adhikari Sisir Kumar,All India Trinamool Congress,1490409,1290811,90,86.6,229490,17.80%,-3.4,No
Karakat,35,GEN,Bihar,Upendra Kushwaha,Rashtriya Lok Samta Party,1569989,789927,41.6,50.3,105241,13.30%,8.7,No
Karauli-Dholpur,10,SC,Rajasthan,Manoj Rajoria,Bharatiya Janta Party,1549662,845941,37.4,54.6,27216,3.20%,17.2,No
Karimganj,1,SC,Assam,Radheshyam Biswas,All India United Democratic Front,1165997,886920,64.2,76.1,102094,11.50%,11.9,No
Karimnagar,3,GEN,Telangana,Vinod Kumar Boinapally,Telangana Rashtra Samithi,1550834,1125691,66.3,72.6,205077,18.20%,6.3,No
Karnal,5,GEN,Haryana,Ashwini Kumar,Bharatiya Janta Party,1684321,1193500,66.7,70.9,360147,30.20%,4.2,No
Karur,23,GEN,TamilNadu,Thambiduraim.,All India Anna Dravida Munnetra Kazhagam,1298322,1046534,81.5,80.6,195247,18.70%,-0.9,No
Kasaragod,1,GEN,Kerala,P Karunakaran,Communist Party Of India (MARXIST),1243730,974215,76.2,78.3,6921,0.70%,2.1,No
Katihar,11,GEN,Bihar,Tariq Anwar,Nationalist Congress Party,1446478,977830,57,67.6,114740,11.70%,10.6,No
Kaushambi,50,SC,UttarPradesh,Vinod Kumar Sonkar,Bharatiya Janta Party,1738994,910038,39.6,52.3,42847,4.70%,12.7,No
Kendrapara,15,GEN,Orissa,Baijayant Panda,Biju Janata Dal,1555444,1140999,68.5,73.4,209108,18.30%,4.9,No
Keonjhar,4,ST,Orissa,Sakuntala Laguri,Biju Janata Dal,1346683,1083869,70.5,80.5,157317,14.50%,10,No
Khadoor Sahib,3,GEN,Punjab,Ranjit Singh Brahmpura,Shiromani Akali Dal,1563256,1040518,70.6,66.6,100569,9.70%,-4,No
Khagaria,25,GEN,Bihar,Choudhary Mahboob Ali Kaiser,Lok Jan Shakti Party,1492068,896231,46.5,60.1,76003,8.50%,13.6,No
Khajuraho,8,GEN,MadhyaPradesh,Nagendra Singh,Bharatiya Janta Party,1702794,874477,43.2,51.4,247490,28.30%,8.2,No
Khammam,17,GEN,Telangana,Ponguleti Srinivasa Reddy,Yuvajana Sramika Rythu Congress Party,1440289,1182897,82.4,82.1,11974,1.00%,-0.3,No
Khandwa,28,GEN,MadhyaPradesh,Nandkumar Singh Chouhan (NANDU BHAIYA),Bharatiya Janta Party,1759410,1257327,60,71.5,259714,20.70%,11.5,No
Khargone,27,ST,MadhyaPradesh,Subhash Patel,Bharatiya Janta Party,1703271,1152525,60.2,67.7,257879,22.40%,7.5,No
Kheda,17,GEN,Gujarat,Chauhan Devusinh Jesingbhai (CHAUHAN DEVUSINH),Bharatiya Janta Party,1599476,955906,41.6,59.8,232901,24.40%,18.2,No
Kheri,28,GEN,UttarPradesh,Ajay Kumar,Bharatiya Janta Party,1679466,1077868,54.6,64.2,110274,10.20%,9.6,No
Khunti,11,ST,Jharkhand,Karia Munda,Bharatiya Janta Party,1111852,736955,52,66.3,92248,12.50%,14.3,No
Kishanganj,10,GEN,Bihar,Mohammad Asrarul Haque,Indian National Congress,1438990,928490,52.8,64.5,194612,21.00%,11.7,No
Kodarma,5,GEN,Jharkhand,Ravindra Kr. Ray,Bharatiya Janta Party,1639629,1024906,56.1,62.5,98654,9.60%,6.4,No
Kokrajhar,5,ST,Assam,Naba Kumar Sarania (HIRA),Independent,1505476,1223869,73.7,81.3,355779,29.10%,7.6,No
Kolar,28,SC,Karnataka,K.H.Muniyappa,Indian National Congress,1492975,1127323,69.2,75.5,47850,4.20%,6.3,No
Kolhapur,47,GEN,Maharashtra,Dhananjay Bhimrao Mahadik,Nationalist Congress Party,1758300,1260289,65,71.7,33259,2.60%,6.7,No
Kolkata Dakshin,23,GEN,WestBengal,Subrata Bakshi,All India Trinamool Congress,1685296,1167979,67,69.3,136339,11.70%,2.3,No
Kolkata Uttar,24,GEN,WestBengal,Sudip Bandyopadhyay,All India Trinamool Congress,1433985,955778,64.3,66.7,96226,10.10%,2.4,No
Kollam,18,GEN,Kerala,N.K.Premachandran,Revolutionary Socialist Party,1219415,879056,68.1,72.1,37649,4.30%,4,No
Koppal,8,GEN,Karnataka,Karadi Sanganna Amarappa,Bharatiya Janta Party,1535105,1006508,55.4,65.6,32414,3.20%,10.2,No
Koraput,21,ST,Orissa,Jhina Hikaka,Biju Janata Dal,1300437,989444,62.4,76.1,19328,2.00%,13.7,No
Korba,4,GEN,Chhattisgarh,Dr. Banshilal Mahto,Bharatiya Janta Party,1419610,1052720,58.4,74.2,4265,0.40%,15.8,No
Kota,24,GEN,Rajasthan,Om Birla,Bharatiya Janta Party,1744539,1154960,45.5,66.2,200782,17.40%,20.7,No
Kottayam,14,GEN,Kerala,Jose K. Mani,Kerala Congress(M),1161463,831636,73.9,71.6,120599,14.50%,-2.3,No
Kozhikode,5,GEN,Kerala,M .K Raghavan,Indian National Congress,1182484,943009,75.9,79.8,16883,1.80%,3.9,No
Krishnagiri,9,GEN,TamilNadu,Ashok Kumar.K,All India Anna Dravida Munnetra Kazhagam,1379957,1068391,74.2,77.4,206591,19.30%,3.2,No
Krishnanagar,12,GEN,WestBengal,Tapas Paul,All India Trinamool Congress,1476783,1247914,85.6,84.5,71255,5.70%,-1.1,No
Kurnool,35,GEN,AndhraPradesh,Butta Renuka,Yuvajana Sramika Rythu Congress Party,1481807,1065732,66.8,71.9,44131,4.10%,5.1,No
Kurukshetra,2,GEN,Haryana,Raj Kumar Saini,Bharatiya Janta Party,1498459,1135892,75,75.8,129736,11.40%,0.8,No
Kushi Nagar,65,GEN,UttarPradesh,Rajesh Pandey Urf Guddu,Bharatiya Janta Party,1680992,950445,50.8,56.5,85540,9.00%,5.7,No
Ladakh,4,GEN,Jammu&Kashmir,Thupstan Chhewang,Bharatiya Janta Party,166763,118029,72.8,70.8,36,0.00%,-2,No
Lakhimpur,14,GEN,Assam,Sarbananda Sonowal,Bharatiya Janta Party,1430994,1111975,68.3,77.7,292138,26.30%,9.4,No
Lakshadweep,1,ST,Lakshadweep,Mohammed Faizal P.P.,Nationalist Congress Party,49922,43239,85.9,86.6,1535,3.60%,0.7,Yes
Lalganj,68,SC,UttarPradesh,Neelam Sonkar,Bharatiya Janta Party,1661483,898655,43.7,54.1,63086,7.00%,10.4,No
Latur,41,SC,Maharashtra,Dr. Sunil Baliram Gaikwad,Bharatiya Janta Party,1682607,1057156,54.9,62.8,253395,24.00%,7.9,No
Lohardaga,12,ST,Jharkhand,Sudarshan Bhagat,Bharatiya Janta Party,1119144,651460,53.2,58.2,6489,1.00%,5,No
Lucknow,35,GEN,UttarPradesh,Raj Nath Singh,Bharatiya Janta Party,1949956,1033783,35.6,53,272749,26.40%,17.4,No
Ludhiana,7,GEN,Punjab,Ravneet Singh Bittu,Indian National Congress,1561201,1100457,64.6,70.5,19709,1.80%,5.9,No
Machhlishahr,74,SC,UttarPradesh,Ram Charitra Nishad,Bharatiya Janta Party,1891969,997902,41,52.7,172155,17.30%,11.7,No
Machilipatnam,28,GEN,AndhraPradesh,Konakalla Narayana Rao,Telugu Desam,1369311,1141065,84.1,83.3,81057,7.10%,-0.8,No
Madha,43,GEN,Maharashtra,Mohite Patil Vijaysinh Shankarrao,Nationalist Congress Party,1727308,1079619,59,62.5,25344,2.30%,3.5,No
Madhepura,13,GEN,Bihar,Rajesh Ranjan @ Pappu Yadav,Rashtriya Janata Dal,1725578,1034799,50.2,60,56209,5.40%,9.8,No
Madhubani,6,GEN,Bihar,Hukm Deo Narayan Yadav,Bharatiya Janta Party,1627969,860453,39.8,52.9,20535,2.40%,13.1,No
Madurai,32,GEN,TamilNadu,R.Gopalakrishnan,All India Anna Dravida Munnetra Kazhagam,1441434,978346,77.5,67.9,197436,20.20%,-9.6,No
Mahabubabad,16,ST,Telangana,Prof. Azmeera Seetaram Naik,Telangana Rashtra Samithi,1387343,1124370,78.8,81,34992,3.10%,2.2,No
Maharajganj,19,GEN,Bihar,Janardan Singh Sigriwal,Bharatiya Janta Party,1644524,846654,45.7,51.5,38415,4.50%,5.8,No
Maharajganj,63,GEN,UttarPradesh,Pankaj,Bharatiya Janta Party,1743131,1056078,39.7,60.6,240458,22.80%,20.9,No
Mahasamund,9,GEN,Chhattisgarh,Chandu Lal Sahu (CHANDU BHAIYA),Bharatiya Janta Party,1515747,1131209,56.7,74.6,1217,0.10%,17.9,No
Mahbubnagar,11,GEN,Telangana,Ap Jithender Reddy,Telangana Rashtra Samithi,1418672,1014800,67.8,71.5,2590,0.30%,3.7,No
Mahesana,4,GEN,Gujarat,Patel Jayshreeben Kanubhai,Bharatiya Janta Party,1498219,1004258,49.7,67,208891,20.80%,17.3,No
Mainpuri,21,GEN,UttarPradesh,Mulayam Singh Yadav,Samajwadi Party,1653065,999265,49.8,60.5,364666,36.50%,10.7,No
Malappuram,6,GEN,Kerala,E. Ahamed,Indian Union Muslim League,1198444,853467,77,71.2,194739,22.80%,-5.8,No
Maldaha Dakshin,8,GEN,WestBengal,Abu Hasem Khan Chowdhury,Indian National Congress,1347143,1092407,79,81.1,164111,15.00%,2.1,No
Maldaha Uttar,7,GEN,WestBengal,Mausam Noor,Indian National Congress,1425428,1162985,83.8,81.6,65705,5.60%,-2.2,No
Malkajgiri,7,GEN,Telangana,Ch.Malla Reddy,Telugu Desam,3183325,1620397,51.5,50.9,28371,1.80%,-0.6,No
Mandi,2,GEN,HimachalPradesh,Ram Swaroop Sharma,Bharatiya Janta Party,1150408,726094,64.2,63.1,39856,5.50%,-1.1,No
Mandla,14,ST,MadhyaPradesh,Faggan Singh Kulaste,Bharatiya Janta Party,1824424,1218518,56.3,66.8,110469,9.10%,10.5,No
Mandsour,23,GEN,MadhyaPradesh,Sudhir Gupta,Bharatiya Janta Party,1626571,1161349,55.9,71.4,303649,26.10%,15.5,No
Mandya,20,GEN,Karnataka,C.S.Puttaraju,Janata Dal (Secular),1669262,1192638,68.8,71.5,5518,0.50%,2.7,No
Mangaldoi,8,GEN,Assam,Ramen Deka,Bharatiya Janta Party,1515676,1233237,69.8,81.4,22884,1.90%,11.6,No
Mathura,17,GEN,UttarPradesh,Hema Malini,Bharatiya Janta Party,1682260,1076868,54.2,64,330743,30.70%,9.8,No
Mathurapur,20,SC,WestBengal,Choudhury Mohan Jatua,All India Trinamool Congress,1488784,1265531,85.5,85,138436,10.90%,-0.5,No
Maval,33,GEN,Maharashtra,Appa Alias Shrirang Chandu Barne,Shiv Sena,1953741,1174335,44.8,60.1,157397,13.40%,15.3,No
Mavelikara,16,SC,Kerala,Kodikunnil Suresh,Indian National Congress,1252668,889060,70.5,71,32737,3.70%,0.5,No
Mayiladuthurai,28,GEN,TamilNadu,Bharathi Mohan R.K,All India Anna Dravida Munnetra Kazhagam,1350318,1025538,73.4,76,277050,27.00%,2.6,No
Mayurbhanj,5,ST,Orissa,Rama Chandra Hansdah,Biju Janata Dal,1327555,1053399,70.3,79.4,122866,11.70%,9.1,No
Medak,6,GEN,Telangana,Kalvakuntla Chandrasekhar Rao,Telangana Rashtra Samithi,1536715,1191096,76.5,77.5,397029,33.30%,1,No
Medinipur,34,GEN,WestBengal,Sandhya Roy,All India Trinamool Congress,1499673,1260032,82.6,84,184666,14.70%,1.4,No
Meerut,10,GEN,UttarPradesh,Rajendra Agarwal,Bharatiya Janta Party,1764388,1113384,48.2,63.1,232326,20.90%,14.9,No
Mirzapur,79,GEN,UttarPradesh,Anupriya Singh Patel,Apna Dal,1720661,1007627,52.1,58.6,219079,21.70%,6.5,No
Misrikh,32,SC,UttarPradesh,Anju Bala,Bharatiya Janta Party,1725585,998314,41.5,57.9,87363,8.80%,16.4,No
Mizoram,1,ST,Mizoram,C. L. Ruala,Indian National Congress,702170,433201,52.8,61.7,6154,1.40%,8.9,No
Mohanlalganj,34,SC,UttarPradesh,Kaushal Kishore,Bharatiya Janta Party,1838194,1116588,46.3,60.7,145416,13.00%,14.4,No
Moradabad,6,GEN,UttarPradesh,Kunwer Sarvesh Kumar,Bharatiya Janta Party,1772046,1127965,54.9,63.7,87504,7.80%,8.8,No
Morena,1,GEN,MadhyaPradesh,Anoop Mishra,Bharatiya Janta Party,1702492,854279,53,50.2,132981,15.60%,-2.8,No
Mumbai North,26,GEN,Maharashtra,Gopal Chinayya Shetty,Bharatiya Janta Party,1783870,946562,42.6,53.1,446582,47.20%,10.5,No
Mumbai North Central,29,GEN,Maharashtra,Poonam Mahajan Alias Poonam Vajendla Rao,Bharatiya Janta Party,1738894,845292,39.5,48.6,186771,22.10%,9.1,No
Mumbai North East,28,GEN,Maharashtra,Kirit Somaiya,Bharatiya Janta Party,1668357,861761,42.5,51.7,317122,36.80%,9.2,No
Mumbai North West,27,GEN,Maharashtra,Gajanan Chandrakant Kirtikar,Shiv Sena,1775428,895517,44.1,50.4,183028,20.40%,6.3,No
Mumbai South,31,GEN,Maharashtra,Arvind Sawant,Shiv Sena,1485846,780715,40.4,52.5,128148,16.40%,12.1,No
Mumbai South Central,30,GEN,Maharashtra,Rahul Ramesh Shewale,Shiv Sena,1447885,769060,39.5,53.1,138342,18.00%,13.6,No
Munger,28,GEN,Bihar,Veena Devi,Lok Jan Shakti Party,1696546,914350,41.6,53.9,109084,11.90%,12.3,No
Murshidabad,11,GEN,WestBengal,Badaruddoza Khan,Communist Party Of India (MARXIST),1512098,1287763,88.2,85.2,18453,1.40%,-3,No
Muzaffarnagar,3,GEN,UttarPradesh,(DR.) SANJEEV KUMAR BALYAN,Bharatiya Janta Party,1588483,1107434,54.4,69.7,401150,36.20%,15.3,No
Muzaffarpur,15,GEN,Bihar,Ajay Nishad,Bharatiya Janta Party,1551363,948887,46.4,61.2,222422,23.40%,14.8,No
Mysore,21,GEN,Karnataka,Prathap Simha,Bharatiya Janta Party,1723134,1159594,58.9,67.3,31608,2.70%,8.4,No
Nabarangpur,12,ST,Orissa,Balabhadra Majhi,Biju Janata Dal,1297210,1022172,65.2,78.8,2042,0.20%,13.6,No
Nagaland,1,ST,Nagaland,Neiphiu Rio,Naga Peoples Front,1182948,1038910,90,87.8,400225,38.50%,-2.2,No
Nagapattinam,29,SC,TamilNadu,Gopal. Dr. K,All India Anna Dravida Munnetra Kazhagam,1210626,942202,77.8,77.8,106079,11.30%,0,No
Nagarkurnool,12,SC,Telangana,Yellaiah Nandi,Indian National Congress,1477338,1108968,70.4,75.1,16676,1.50%,4.7,No
Nagaur,14,GEN,Rajasthan,C R Choudhary,Bharatiya Janta Party,1678662,1004019,41,59.8,75218,7.50%,18.8,No
Nagina,5,SC,UttarPradesh,Yashwant Singh,Bharatiya Janta Party,1493411,942196,53.8,63.1,92390,9.80%,9.3,No
Nagpur,10,GEN,Maharashtra,Gadkari Nitin Jairam,Bharatiya Janta Party,1900787,1085058,43.5,57.1,284828,26.30%,13.6,No
Nainital-Udhamsingh Nagar,4,GEN,Uttarakhand,Bhagat Singh Koshyari,Bharatiya Janta Party,1610810,1101435,58.7,68.4,284717,25.80%,9.7,No
Nalanda,29,GEN,Bihar,Kaushlendra Kumar,Janata Dal (United),1951967,921761,33.1,47.2,9627,1.00%,14.1,No
Nalgonda,13,GEN,Telangana,Gutha Sukhender Reddy,Indian National Congress,1495580,1189399,74.5,79.5,193156,16.20%,5,No
Namakkal,16,GEN,TamilNadu,Sundaram P.R,All India Anna Dravida Munnetra Kazhagam,1329552,1058755,78.7,79.6,294374,27.80%,0.9,No
Nanded,16,GEN,Maharashtra,Ashok Shankarrao Chavan,Indian National Congress,1687057,1013350,53.9,60.1,81455,8.00%,6.2,No
Nandurbar,1,ST,Maharashtra,Dr.Gavit Heena Vaijaykumar,Bharatiya Janta Party,1672715,1116676,52.7,66.8,106905,9.60%,14.1,No
Nandyal,34,GEN,AndhraPradesh,S.P.Y Reddy,Yuvajana Sramika Rythu Congress Party,1577128,1204956,73.3,76.4,105766,8.80%,3.1,No
Narasaraopet,31,GEN,AndhraPradesh,Sambasiva Rao Rayapati,Telugu Desam,1514861,1282058,79.9,84.6,35280,2.80%,4.7,No
Narsapuram,26,GEN,AndhraPradesh,Gokaraju Ganga Raju,Bharatiya Janta Party,1325143,1088951,84.8,82.2,85351,7.80%,-2.6,No
Nashik,21,GEN,Maharashtra,Godse Hemant Tukaram,Shiv Sena,1593237,937405,45.4,58.8,187336,20.00%,13.4,No
Navsari,25,GEN,Gujarat,C. R. Patil,Bharatiya Janta Party,1764622,1160747,46.7,65.8,558116,48.10%,19.1,No
Nawada,39,GEN,Bihar,Giriraj Singh,Bharatiya Janta Party,1675789,884441,41.6,52.8,140157,15.80%,11.2,No
Nellore,39,GEN,AndhraPradesh,Mekapati Rajamohan Reddy,Yuvajana Sramika Rythu Congress Party,1606140,1187648,69.4,73.9,13478,1.10%,4.5,No
New Delhi,4,GEN,Delhi,Meenakashi Lekhi,Bharatiya Janta Party,1490147,969812,55.7,65.1,162708,16.80%,9.4,Yes
Nilgiris,19,SC,TamilNadu,Gopalakrishnan C.,All India Anna Dravida Munnetra Kazhagam,1269163,933076,70.8,73.5,104940,11.20%,2.7,No
Nizamabad,4,GEN,Telangana,Kalvakuntla Kavitha,Telangana Rashtra Samithi,1496193,1033924,66.8,69.1,167184,16.20%,2.3,No
North East Delhi,2,GEN,Delhi,Manoj Tiwari,Bharatiya Janta Party,1957707,1317338,52.4,67.3,144084,10.90%,14.9,Yes
North Goa,1,GEN,Goa,Shripad Yesso Naik,Bharatiya Janta Party,515441,406631,60,78.9,105599,26.00%,18.9,No
North West Delhi,5,SC,Delhi,Udit Raj,Bharatiya Janta Party,2194425,1356036,47.7,61.8,106802,7.90%,14.1,Yes
Nowgong,10,GEN,Assam,Rajen Gohain,Bharatiya Janta Party,1523881,1230074,70.8,80.7,143559,11.70%,9.9,No
Ongole,33,GEN,AndhraPradesh,Y.V.Subba Reddy,Yuvajana Sramika Rythu Congress Party,1470483,1208225,74.7,82.2,15658,1.30%,7.5,No
Osmanabad,40,GEN,Maharashtra,Gaikwad Ravindra Vishwanath,Shiv Sena,1726793,1118151,57.5,64.8,234325,21.00%,7.3,No
Outer Manipur,2,ST,Manipur,Thangso Baite,Indian National Congress,918966,771766,82.8,84,15637,2.00%,1.2,No
Palakkad,8,GEN,Kerala,M B Rajesh,Communist Party Of India (MARXIST),1208758,910322,73.6,75.3,105300,11.60%,1.7,No
Palamau,13,SC,Jharkhand,Vishnu Dayal Ram,Bharatiya Janta Party,1645957,977323,46,59.4,263942,27.00%,13.4,No
Palghar,22,ST,Maharashtra,Adv. Chintaman Navasha Wanga,Bharatiya Janta Party,1578077,992618,48.1,62.9,239520,24.10%,14.8,No
Pali,15,GEN,Rajasthan,P P Choudhary,Bharatiya Janta Party,1893030,1095587,43.1,57.9,399039,36.40%,14.8,No
Panchmahal,18,GEN,Gujarat,Chauhan Prabhatsinh Pratapsinh,Bharatiya Janta Party,1576667,933461,42.6,59.2,170596,18.30%,16.6,No
Parbhani,17,GEN,Maharashtra,Jadhav Sanjay (BANDU) HARIBHAU,Shiv Sena,1803792,1162233,54.1,64.4,127155,10.90%,10.3,No
Paschim Champaran,2,GEN,Bihar,Dr. Sanjay Jaiswal,Bharatiya Janta Party,1413073,854800,42.2,60.5,110254,12.90%,18.3,No
Pataliputra,31,GEN,Bihar,Ram Kripal Yadav,Bharatiya Janta Party,1736074,978649,41.2,56.4,40322,4.10%,15.2,No
Patan,3,GEN,Gujarat,Liladharbhai Khodaji Vaghela,Bharatiya Janta Party,1628641,955799,44.7,58.7,138719,14.50%,14,No
Pathanamthitta,17,GEN,Kerala,Anto Antony,Indian National Congress,1323906,869452,65.8,65.7,56191,6.50%,-0.1,No
Patiala,13,GEN,Punjab,Dr. Dharam Vira Gandhi,Aam Aadmi Party,1580273,1120933,69.6,70.9,20942,1.90%,1.3,No
Patna Sahib,30,GEN,Bihar,Shatrughana Sinha,Bharatiya Janta Party,1946249,882262,33.7,45.3,265805,30.10%,11.6,No
Peddapalli,2,SC,Telangana,Balka Suman,Telangana Rashtra Samithi,1425361,1022184,68.7,71.7,291158,28.50%,3,No
Perambalur,25,GEN,TamilNadu,Marutharajaa R.P.,All India Anna Dravida Munnetra Kazhagam,1285434,1030826,79.6,80.2,213048,20.70%,0.6,No
Phulpur,51,GEN,UttarPradesh,Keshav Prasad Maurya,Bharatiya Janta Party,1913274,960341,38.7,50.2,308308,32.10%,11.5,No
Pilibhit,26,GEN,UttarPradesh,Maneka Sanjay Gandhi,Bharatiya Janta Party,1671151,1050547,63.9,62.9,307052,29.20%,-1,No
Pollachi,21,GEN,TamilNadu,Mahendran.C,All India Anna Dravida Munnetra Kazhagam,1381505,1012667,76,73.3,140974,13.90%,-2.7,No
Pondicherry,1,GEN,Pondicherry,R. Radhakrishnan,All India N.R. Congress,901357,740017,79.8,82.1,60854,8.20%,2.3,Yes
Ponnani,7,GEN,Kerala,E. T. Mohammed Basheer,Indian Union Muslim League,1180789,871592,77.3,73.8,25410,2.90%,-3.5,No
Porbandar,11,GEN,Gujarat,Radadiya Vithalbhai Hansrajbhai,Bharatiya Janta Party,1539223,809433,47.7,52.6,267971,33.10%,4.9,No
Pratapgarh,39,GEN,UttarPradesh,Kuwar Harivansh Singh,Apna Dal,1716625,894456,44.7,52.1,168222,18.80%,7.4,No
Pune,34,GEN,Maharashtra,Anil Shirole,Bharatiya Janta Party,1835836,993274,40.7,54.1,315769,31.80%,13.4,No
Puri,17,GEN,Orissa,Pinaki Misra,Biju Janata Dal,1404581,1039389,68.8,74,263361,25.30%,5.2,No
Purnia,12,GEN,Bihar,Santosh Kumar,Janata Dal (United),1582967,1017732,54,64.3,116669,11.50%,10.3,No
Purulia,35,GEN,WestBengal,Dr. Mriganka Mahato,All India Trinamool Congress,1471933,1204675,72,81.8,153877,12.80%,9.8,No
Purvi Champaran,3,GEN,Bihar,Radha Mohan Singh,Bharatiya Janta Party,1452963,822671,40.6,56.6,192163,23.40%,16,No
Rae Bareli,36,GEN,UttarPradesh,Sonia Gandhi,Indian National Congress,1594954,825136,48.3,51.7,352713,42.70%,3.4,No
Raichur,6,ST,Karnataka,B.V.Nayak,Indian National Congress,1661606,968889,45.9,58.3,1499,0.20%,12.4,No
Raigad,32,GEN,Maharashtra,Anant Geete,Shiv Sena,1532781,987766,56.6,64.4,2110,0.20%,7.8,No
Raiganj,5,GEN,WestBengal,Md. Salim,Communist Party Of India (MARXIST),1387526,1108193,81.2,79.9,1634,0.10%,-1.3,No
Raigarh,2,ST,Chhattisgarh,Vishnu Deo Sai,Bharatiya Janta Party,1605824,1246186,65.3,77.6,216750,17.40%,12.3,No
Raipur,8,GEN,Chhattisgarh,Ramesh Bais,Bharatiya Janta Party,1904230,1250845,47,65.7,171646,13.70%,18.7,No
Rajahmundry,25,GEN,AndhraPradesh,Murali Mohan Maganti,Telugu Desam,1421288,1154381,81,81.2,167434,14.50%,0.2,No
Rajampet,41,GEN,AndhraPradesh,P.V.Midhun Reddy,Yuvajana Sramika Rythu Congress Party,1487498,1158317,76.1,77.9,174762,15.10%,1.8,No
Rajgarh,20,GEN,MadhyaPradesh,Rodmal Nagar,Bharatiya Janta Party,1578748,1010724,51.7,64,228737,22.60%,12.3,No
Rajkot,10,GEN,Gujarat,Kundariya Mohanbhai Kalyanjibhai,Bharatiya Janta Party,1655717,1057069,44.7,63.8,246428,23.30%,19.1,No
Rajmahal,1,ST,Jharkhand,Vijay Kumar Hansdak,Jharkhand Mukti Morcha,1353172,951563,55.2,70.3,41337,4.30%,15.1,No
Rajnandgaon,6,GEN,Chhattisgarh,Abhishek Singh,Bharatiya Janta Party,1588095,1178296,58.9,74.2,235911,20.00%,15.3,No
Rajsamand,22,GEN,Rajasthan,Hariom Singh Rathore,Bharatiya Janta Party,1699401,982119,39.7,57.8,395705,40.30%,18.1,No
Ramanathapuram,35,GEN,TamilNadu,Anwhar Raajhaa.A,All India Anna Dravida Munnetra Kazhagam,1455891,1001048,68.8,68.8,119324,11.90%,0,No
Rampur,7,GEN,UttarPradesh,Dr. Nepal Singh,Bharatiya Janta Party,1616984,956389,52.5,59.2,23435,2.50%,6.7,No
Ramtek,9,SC,Maharashtra,Krupal Balaji Tumane,Shiv Sena,1677245,1050316,50.9,62.6,175791,16.70%,11.7,No
Ranaghat,13,SC,WestBengal,Tapas Mandal,All India Trinamool Congress,1602849,1353196,86.4,84.4,201767,14.90%,-2,No
Ranchi,8,GEN,Jharkhand,Ram Tahal Choudhary,Bharatiya Janta Party,1648464,1049783,44.6,63.7,199303,19.00%,19.1,No
Ratlam,24,ST,MadhyaPradesh,Dileepsingh Bhuria,Bharatiya Janta Party,1702648,1082681,50.9,63.6,108447,10.00%,12.7,No
Ratnagiri - Sindhudurg,46,GEN,Maharashtra,Vinayak Bhaurao Raut,Shiv Sena,1367361,896256,57.5,65.6,150051,16.70%,8.1,No
Raver,4,GEN,Maharashtra,Khadase Raksha Nikhil,Bharatiya Janta Party,1593370,1009213,50.8,63.3,318068,31.50%,12.5,No
Rewa,10,GEN,MadhyaPradesh,Janardan Mishra,Bharatiya Janta Party,1544719,830002,48.4,53.7,168726,20.30%,5.3,No
Robertsganj,80,SC,UttarPradesh,Chhotelal,Bharatiya Janta Party,1639561,885873,49,54,190486,21.50%,5,No
Rohtak,7,GEN,Haryana,Deepender Singh Hooda,Indian National Congress,1567504,1044331,65.5,66.6,170627,16.30%,1.1,No
Sabarkantha,5,GEN,Gujarat,Rathod Dipsinh Shankarsinh,Bharatiya Janta Party,1615840,1094002,49.4,67.7,84455,7.70%,18.3,No
Sagar,5,GEN,MadhyaPradesh,Laxmi Narayan Yadav,Bharatiya Janta Party,1520184,891929,48.1,58.7,120737,13.50%,10.6,No
Saharanpur,1,GEN,UttarPradesh,Raghav Lakhanpal,Bharatiya Janta Party,1608833,1194308,63.3,74.2,65090,5.50%,10.9,No
Salem,15,GEN,TamilNadu,Pannerselvam.V,All India Anna Dravida Munnetra Kazhagam,1498350,1150296,76.5,76.8,267610,23.30%,0.3,No
Salempur,71,GEN,UttarPradesh,Ravindra Kushawaha,Bharatiya Janta Party,1661737,854749,39.2,51.4,232342,27.20%,12.2,No
Samastipur,23,SC,Bihar,Ram Chandra Paswan,Lok Jan Shakti Party,1503005,863199,44.5,57.4,6872,0.80%,12.9,No
Sambalpur,3,GEN,Orissa,Nagendra Kumar Pradhan,Biju Janata Dal,1297098,984309,64.9,75.9,30576,3.10%,11,No
Sambhal,8,GEN,UttarPradesh,Satyapal Singh,Bharatiya Janta Party,1693245,1057002,52.9,62.4,5174,0.50%,9.5,No
Sangli,44,GEN,Maharashtra,Sanjaykaka Patil,Bharatiya Janta Party,1649107,1046659,52.3,63.5,239292,22.90%,11.2,No
Sangrur,12,GEN,Punjab,Bhagwant Mann,Aam Aadmi Party,1424743,1099467,74.4,77.2,211721,19.30%,2.8,No
Sant Kabir Nagar,62,GEN,UttarPradesh,Sharad Tripathi,Bharatiya Janta Party,1904327,1011649,47.3,53.1,97978,9.70%,5.8,No
Saran,20,GEN,Bihar,Rajiv Pratap Rudy,Bharatiya Janta Party,1538744,863254,45.8,56.1,40948,4.70%,10.3,No
Sarguja,1,ST,Chhattisgarh,Kamalbhan Singh Marabi,Bharatiya Janta Party,1523072,1187321,61.6,78,147236,12.40%,16.4,No
Sasaram,34,SC,Bihar,Chhedi Paswan,Bharatiya Janta Party,1607747,846788,42.7,52.7,63327,7.50%,10,No
Satara,45,GEN,Maharashtra,Shrimant Chh. Udayanraje Pratapsinha Bhonsale,Nationalist Congress Party,1719998,976681,52.8,56.8,366594,37.50%,4,No
Satna,9,GEN,MadhyaPradesh,Ganesh Singh,Bharatiya Janta Party,1458084,913444,54.7,62.7,8688,1.00%,8,No
Secundrabad,8,GEN,Telangana,Bandaru Dattatreya,Bharatiya Janta Party,1893647,1003769,55,53,254735,25.40%,-2,No
Shahdol,12,ST,MadhyaPradesh,Dalpat Singh Paraste,Bharatiya Janta Party,1561321,968518,49.5,62,241301,24.90%,12.5,No
Shahjahanpur,27,SC,UttarPradesh,Krishna Raj,Bharatiya Janta Party,1979294,1129841,48.7,57.1,235529,20.80%,8.4,No
Sheohar,4,GEN,Bihar,Rama Devi,Bharatiya Janta Party,1489724,842894,45.2,56.6,136239,16.20%,11.4,No
Shillong,1,ST,Meghalaya,Vincent H. Pala,Indian National Congress,980740,619987,62.2,63.2,40379,6.50%,1,No
Shimla,4,SC,HimachalPradesh,Virender Kashyap,Bharatiya Janta Party,1153363,737757,55.7,64,84187,11.40%,8.3,No
Shimoga,14,GEN,Karnataka,B. S. Yeddyurappa,Bharatiya Janta Party,1562241,1129008,66.5,72.3,363305,32.20%,5.8,No
Shirdi,38,SC,Maharashtra,Lokhande Sadashiv Kisan,Shiv Sena,1459712,932645,50.4,63.9,199922,21.40%,13.5,No
Shirur,36,GEN,Maharashtra,Adhalrao Shivaji Dattatrey,Shiv Sena,1824112,1089506,51.5,59.7,301814,27.70%,8.2,No
Shrawasti,58,GEN,UttarPradesh,Daddan Mishra,Bharatiya Janta Party,1788080,979638,43.1,54.8,85913,8.80%,11.7,No
Sidhi,11,GEN,MadhyaPradesh,Riti Pathak,Bharatiya Janta Party,1736050,989396,49.8,57,108046,10.90%,7.2,No
Sikar,5,GEN,Rajasthan,Sumedhanand Saraswati,Bharatiya Janta Party,1770424,1065750,48.1,60.2,239196,22.40%,12.1,No
Sikkim,1,GEN,Sikkim,Prem Das Rai,Sikkim Democratic Front,370611,308967,85.6,83.4,41742,13.50%,-2.2,No
Silchar,2,GEN,Assam,Sushmita Dev,Indian National Congress,1060175,799830,70.4,75.4,35241,4.40%,5,No
Singhbhum,10,ST,Jharkhand,Laxman Giluwa,Bharatiya Janta Party,1152570,795286,60.6,69,87524,11.00%,8.4,No
Sirsa,3,SC,Haryana,Charanjeet Singh Rori,Indian National Lok Dal,1660557,1279105,75,77,115736,9.00%,2,No
Sitamarhi,5,GEN,Bihar,Ram Kumar Sharma,Rashtriya Lok Samta Party,1574914,900588,42.5,57.2,147965,16.40%,14.7,No
Sitapur,30,GEN,UttarPradesh,Rajesh Verma,Bharatiya Janta Party,1550263,1026972,57.3,66.3,51027,5.00%,9,No
Sivaganga,31,GEN,TamilNadu,Senthilnathan Pr,All India Anna Dravida Munnetra Kazhagam,1412373,1027036,71,72.7,229385,22.30%,1.7,No
Siwan,18,GEN,Bihar,Om Prakash Yadav,Bharatiya Janta Party,1563860,884021,50.1,56.5,113847,12.90%,6.4,No
Solapur,42,SC,Maharashtra,Sharad Bansode,Bharatiya Janta Party,1702755,951201,46.6,55.9,149674,15.70%,9.3,No
Sonipat,6,GEN,Haryana,Ramesh Chander,Bharatiya Janta Party,1417188,985637,64.8,69.6,77414,7.90%,4.8,No
South Delhi,7,GEN,Delhi,Ramesh Bidhuri,Bharatiya Janta Party,1752741,1102410,47.4,62.9,107000,9.70%,15.5,Yes
South Goa,2,GEN,Goa,Adv. Narendra Keshav Sawaikar,Bharatiya Janta Party,545336,410369,51,75.3,32330,7.90%,24.3,No
Srerampur,27,GEN,WestBengal,Kalyan Banerjee,All India Trinamool Congress,1624038,1290433,77.5,79.5,152526,11.80%,2,No
Srikakulam,19,GEN,AndhraPradesh,Rammohan Naidu Kinjarapu,Telugu Desam,1413989,1051446,75.2,74.4,127572,12.10%,-0.8,No
Srinagar,2,GEN,Jammu&Kashmir,Tariq Hameed Karra,Jammu & Kashmir Peoples Democratic Party,1205233,312212,25.6,25.9,42280,13.50%,0.3,No
Sriperumbudur,5,GEN,TamilNadu,Ramachandran K.N. Thiru,All India Anna Dravida Munnetra Kazhagam,1946503,1286647,66.1,66.1,102646,8.00%,0,No
Sultanpur,38,GEN,UttarPradesh,Feroze Varun Gandhi,Bharatiya Janta Party,1703698,964981,49.5,56.6,178902,18.50%,7.1,No
Sundargarh,2,ST,Orissa,Jual @ Juel Oram,Bharatiya Janta Party,1410532,1010711,61.5,71.7,18829,1.90%,10.2,No
Supaul,8,GEN,Bihar,Ranjeet Ranjan,Indian National Congress,1525592,970528,54.5,63.6,59672,6.10%,9.1,No
Surat,24,GEN,Gujarat,Darshana Vikram Jardosh,Bharatiya Janta Party,1484068,947922,49,63.9,533190,56.20%,14.9,No
Surendranagar,9,GEN,Gujarat,Fatepara Devajibhai Govindbhai,Bharatiya Janta Party,1656657,944677,39.7,57,202907,21.50%,17.3,No
Tamluk,30,GEN,WestBengal,Adhikari Suvendu,All India Trinamool Congress,1527273,1337684,90.3,87.6,246481,18.40%,-2.7,No
Tehri Garhwal,1,GEN,Uttarakhand,Mala Rajya Laxmi Shah,Bharatiya Janta Party,1352845,776214,50.5,57.4,192503,24.80%,6.9,No
Tenkasi,37,SC,TamilNadu,Vasanthi.M,All India Anna Dravida Munnetra Kazhagam,1382081,1017938,70.3,73.7,161774,15.90%,3.4,No
Tezpur,9,GEN,Assam,Ram Prasad Sarmah,Bharatiya Janta Party,1259568,980688,69.7,77.9,86020,8.80%,8.2,No
Thane,25,GEN,Maharashtra,Vichare Rajan Baburao,Shiv Sena,2073442,1054189,41.5,50.8,281299,26.70%,9.3,No
Thanjavur,30,GEN,TamilNadu,Parasuraman.K,All India Anna Dravida Munnetra Kazhagam,1340050,1012258,76.7,75.5,144119,14.20%,-1.2,No
Theni,33,GEN,TamilNadu,Parthipan R.,All India Anna Dravida Munnetra Kazhagam,1441302,1075583,74.5,74.6,314532,29.20%,0.1,No
Thiruvallur,1,SC,TamilNadu,Venugopal.P.(DR),All India Anna Dravida Munnetra Kazhagam,1702833,1254440,70.6,73.7,323430,25.80%,3.1,No
Thiruvananthapuram,20,GEN,Kerala,Dr. Shashi Tharoor,Indian National Congress,1272748,873439,66,68.6,15470,1.80%,2.6,No
Thoothukkudi,36,GEN,TamilNadu,Jeyasingh Thiyagaraj Natterjee.J,All India Anna Dravida Munnetra Kazhagam,1310597,916778,69.2,70,124002,13.50%,0.8,No
Thrissur,10,GEN,Kerala,C. N. Jayadevan,Communist Party Of India,1275288,920505,69.6,72.2,38227,4.20%,2.6,No
Tikamgarh,6,SC,MadhyaPradesh,Dr. Virendra Kumar,Bharatiya Janta Party,1529003,766321,43.4,50.1,208731,27.20%,6.7,No
Tiruchirappalli,24,GEN,TamilNadu,Kumar.P,All India Anna Dravida Munnetra Kazhagam,1387140,988250,67.4,71.2,150476,15.20%,3.8,No
Tirunelveli,38,GEN,TamilNadu,Prabakaran.K.R.P,All India Anna Dravida Munnetra Kazhagam,1420435,962330,66.2,67.8,126099,13.10%,1.6,No
Tirupati,40,SC,AndhraPradesh,Varaprasad Rao Velagapalli,Yuvajana Sramika Rythu Congress Party,1574544,1213064,72.7,77,37425,3.10%,4.3,No
Tiruppur,18,GEN,TamilNadu,V.Sathyabama,All India Anna Dravida Munnetra Kazhagam,1375589,1050190,74.7,76.3,179315,17.10%,1.6,No
Tiruvannamalai,11,GEN,TamilNadu,Vanaroja R,All India Anna Dravida Munnetra Kazhagam,1352966,1067447,80,78.9,168606,15.80%,-1.1,No
Tonk-Sawai Madhopur,12,GEN,Rajasthan,Sukhbir Singh Jaunapuria,Bharatiya Janta Party,1710775,1043040,53.1,61,135311,13.00%,7.9,No
Tripura East,2,ST,Tripura,Jitendra Choudhury,Communist Party Of India (MARXIST),1140269,951110,83.4,83.4,484358,50.90%,0,No
Tripura West,1,GEN,Tripura,Sankar Prasad Datta,Communist Party Of India (MARXIST),1248550,1072749,86.1,85.9,503486,46.90%,-0.2,No
Tumkur,19,GEN,Karnataka,Muddahanumegowda.S.P.,Indian National Congress,1518518,1101484,64.8,72.5,74041,6.70%,7.7,No
Tura,2,ST,Meghalaya,Purno Agitok Sangma,National People's Party,586501,458071,67.7,78.1,39716,8.70%,10.4,No
Udaipur,19,ST,Rajasthan,Arjunlal Meena,Bharatiya Janta Party,1817940,1193202,48.5,65.6,236762,19.80%,17.1,No
Udhampur,5,GEN,Jammu&Kashmir,Dr. Jitendra Singh,Bharatiya Janta Party,1490244,1041758,44.9,69.9,60976,5.90%,25,No
Udupi Chikmagalur,15,GEN,Karnataka,Shobha Karandlaje,Bharatiya Janta Party,1387295,1034108,68.3,74.5,181643,17.60%,6.2,No
Ujiarpur,22,GEN,Bihar,Nityanand Rai,Bharatiya Janta Party,1428445,858920,45.9,60.1,60469,7.00%,14.2,No
Ujjain,22,SC,MadhyaPradesh,Prof. Chintamani Malviya,Bharatiya Janta Party,1525481,1016405,53.3,66.6,309663,30.50%,13.3,No
Uluberia,26,GEN,WestBengal,Sultan Ahmed,All India Trinamool Congress,1448632,1186027,80.7,81.9,201222,17.00%,1.2,No
Unnao,33,GEN,UttarPradesh,Swami Sachchidanand Hari Sakshi,Bharatiya Janta Party,2164392,1201603,49.7,55.5,310173,25.80%,5.8,No
Uttara Kannada,12,GEN,Karnataka,Anantkumar Hegde,Bharatiya Janta Party,1450599,1001038,59.1,69,140700,14.10%,9.9,No
Vadakara,3,GEN,Kerala,Mullappally Ramachandran,Indian National Congress,1182504,959342,80.9,81.1,3306,0.30%,0.2,No
Vadodara,20,GEN,Gujarat,Narendra Modi,Bharatiya Janta Party,1638321,1161577,49,70.9,570128,49.10%,21.9,No
Vaishali,16,GEN,Bihar,Rama Kishore Singh,Lok Jan Shakti Party,1587202,925937,48.9,58.3,99267,10.70%,9.4,No
Valmiki Nagar,1,GEN,Bihar,Satish Chandra Dubey,Bharatiya Janta Party,1456576,900114,46.9,61.8,117793,13.10%,14.9,No
Valsad,26,ST,Gujarat,Dr. K.C.Patel,Bharatiya Janta Party,1512061,1122203,56.1,74.2,208004,18.50%,18.1,No
Varanasi,77,GEN,UttarPradesh,Narendra Modi,Bharatiya Janta Party,1767486,1030685,42.6,58.3,371784,36.10%,15.7,No
Vellore,8,GEN,TamilNadu,Senguttuvan B.,All India Anna Dravida Munnetra Kazhagam,1312251,974770,71.6,74.3,59393,6.10%,2.7,No
Vidisha,18,GEN,MadhyaPradesh,Sushma Swaraj,Bharatiya Janta Party,1634370,1073473,45.1,65.7,410698,38.30%,20.6,No
Vijayawada,29,GEN,AndhraPradesh,Kesineni Srinivas,Telugu Desam,1564513,1195075,77.9,76.4,74862,6.30%,-1.5,No
Viluppuram,13,SC,TamilNadu,Rajendran S,All India Anna Dravida Munnetra Kazhagam,1387007,1067641,74.6,77,193367,18.10%,2.4,No
Virudhunagar,34,GEN,TamilNadu,Radhakrishnan T,All India Anna Dravida Munnetra Kazhagam,1350495,1010930,77.5,74.9,145551,14.40%,-2.6,No
Visakhapatnam,21,GEN,AndhraPradesh,Kambhampati Hari Babu,Bharatiya Janta Party,1723037,1163558,73.1,67.5,90488,7.80%,-5.6,No
Vizianagaram,20,GEN,AndhraPradesh,Ashok Gajapathi Raju Pusapati,Telugu Desam,1404127,1120316,77.4,79.8,106911,9.50%,2.4,No
Warangal,15,SC,Telangana,Kadiyam Srihari,Telangana Rashtra Samithi,1537781,1174631,69.4,76.4,392574,33.40%,7,No
Wardha,8,GEN,Maharashtra,Ramdas Chandrabhanji Tadas,Bharatiya Janta Party,1564553,1013445,54.7,64.8,215783,21.30%,10.1,No
Wayanad,4,GEN,Kerala,M I Shanavas,Indian National Congress,1249420,915006,74.9,73.2,20870,2.30%,-1.7,No
West Delhi,6,GEN,Delhi,Parvesh Sahib Singh Verma,Bharatiya Janta Party,2039410,1347971,52.4,66.1,268586,19.90%,13.7,Yes
Yavatmal-Washim,14,GEN,Maharashtra,Gawali Bhavana Pundlikrao,Shiv Sena,1743498,1032949,54.1,59.3,93816,9.10%,5.2,No
Zahirabad,5,GEN,Telangana,B.B. Patil,Telangana Rashtra Samithi,1445246,1094806,75.1,75.8,144631,13.20%,0.7,No
